"Geographic code","Geographic name","Province or territory","Incompletely enumerated Indian reserves and Indian settlements, 2016","Population, 2016","Total private dwellings, 2016","Private dwellings occupied by usual residents, 2016"
"01","Canada",,T,35151728,15412443,14072079
"A0A","A0A","Newfoundland and Labrador",,46587,26155,19426
"A0B","A0B","Newfoundland and Labrador",,19792,13658,8792
"A0C","A0C","Newfoundland and Labrador",,12587,8010,5606
"A0E","A0E","Newfoundland and Labrador",,22294,12293,9603
"A0G","A0G","Newfoundland and Labrador",,35266,21750,15200
"A0H","A0H","Newfoundland and Labrador",,17804,9928,7651
"A0J","A0J","Newfoundland and Labrador",,7880,4813,3426
"A0K","A0K","Newfoundland and Labrador",,26058,15159,11090
"A0L","A0L","Newfoundland and Labrador",,7643,3769,3178
"A0M","A0M","Newfoundland and Labrador",,6200,3247,2769
"A0N","A0N","Newfoundland and Labrador",,13815,8027,6370
"A0P","A0P","Newfoundland and Labrador",,13721,5123,4677
"A0R","A0R","Newfoundland and Labrador",,2543,1293,966
"A1A","A1A","Newfoundland and Labrador",,30382,13545,12663
"A1B","A1B","Newfoundland and Labrador",,19867,10051,8653
"A1C","A1C","Newfoundland and Labrador",,12712,7438,6453
"A1E","A1E","Newfoundland and Labrador",,27115,13704,12553
"A1G","A1G","Newfoundland and Labrador",,5777,2646,2483
"A1H","A1H","Newfoundland and Labrador",,5493,2102,1984
"A1K","A1K","Newfoundland and Labrador",,12253,4646,4438
"A1L","A1L","Newfoundland and Labrador",,21376,8659,8035
"A1M","A1M","Newfoundland and Labrador",,8058,3181,2996
"A1N","A1N","Newfoundland and Labrador",,22957,10381,9605
"A1S","A1S","Newfoundland and Labrador",,6142,2374,2304
"A1V","A1V","Newfoundland and Labrador",,11698,5172,4892
"A1W","A1W","Newfoundland and Labrador",,11209,4549,4269
"A1X","A1X","Newfoundland and Labrador",,15003,6007,5668
"A1Y","A1Y","Newfoundland and Labrador",,5669,2627,2321
"A2A","A2A","Newfoundland and Labrador",,9610,4345,4118
"A2B","A2B","Newfoundland and Labrador",,4909,2740,2127
"A2H","A2H","Newfoundland and Labrador",,26092,12628,11227
"A2N","A2N","Newfoundland and Labrador",,8904,4348,4048
"A2V","A2V","Newfoundland and Labrador",,7288,3500,2933
"A5A","A5A","Newfoundland and Labrador",,8111,3830,3284
"A8A","A8A","Newfoundland and Labrador",,6901,4041,2865
"B0C","B0C","Nova Scotia",,2649,1689,1161
"B0E","B0E","Nova Scotia",,25881,14997,11258
"B0H","B0H","Nova Scotia",,9953,5827,4388
"B0J","B0J","Nova Scotia",,39302,23591,17707
"B0K","B0K","Nova Scotia",,35895,20689,15775
"B0L","B0L","Nova Scotia",,2364,1657,1056
"B0M","B0M","Nova Scotia",,16997,9995,7548
"B0N","B0N","Nova Scotia",,39559,19157,16644
"B0P","B0P","Nova Scotia",,40417,18766,16913
"B0R","B0R","Nova Scotia",,5779,3771,2656
"B0S","B0S","Nova Scotia",,17212,9892,7954
"B0T","B0T","Nova Scotia",,14607,9029,6737
"B0V","B0V","Nova Scotia",,5809,3253,2758
"B0W","B0W","Nova Scotia",,26951,14465,12029
"B1A","B1A","Nova Scotia",,15937,7593,7051
"B1B","B1B","Nova Scotia",,1196,643,550
"B1C","B1C","Nova Scotia",,1654,859,738
"B1E","B1E","Nova Scotia",,1564,729,682
"B1G","B1G","Nova Scotia",,1867,898,843
"B1H","B1H","Nova Scotia",,9642,4539,4296
"B1J","B1J","Nova Scotia",,969,707,479
"B1K","B1K","Nova Scotia",,3049,1951,1321
"B1L","B1L","Nova Scotia",,4905,2086,2007
"B1M","B1M","Nova Scotia",,1130,534,476
"B1N","B1N","Nova Scotia",,5705,2640,2465
"B1P","B1P","Nova Scotia",,14296,7456,6820
"B1R","B1R","Nova Scotia",,4318,1850,1799
"B1S","B1S","Nova Scotia",,8548,3832,3541
"B1T","B1T","Nova Scotia",,354,315,175
"B1V","B1V","Nova Scotia",,6311,2942,2770
"B1W","B1W","Nova Scotia",,3422,1114,1059
"B1X","B1X","Nova Scotia",,843,593,366
"B1Y","B1Y","Nova Scotia",,5885,2836,2535
"B2A","B2A","Nova Scotia",,8017,3713,3497
"B2C","B2C","Nova Scotia",,290,231,139
"B2E","B2E","Nova Scotia",,41,139,26
"B2G","B2G","Nova Scotia",,14361,7542,6097
"B2H","B2H","Nova Scotia",,14477,7277,6540
"B2J","B2J","Nova Scotia",,68,116,35
"B2N","B2N","Nova Scotia",,19842,10195,9436
"B2R","B2R","Nova Scotia",,2459,1030,981
"B2S","B2S","Nova Scotia",,7583,3018,2919
"B2T","B2T","Nova Scotia",,16980,6446,6208
"B2V","B2V","Nova Scotia",,12230,4725,4643
"B2W","B2W","Nova Scotia",,32537,13419,13095
"B2X","B2X","Nova Scotia",,11629,4983,4725
"B2Y","B2Y","Nova Scotia",,14595,7961,7340
"B2Z","B2Z","Nova Scotia",,8258,3291,3158
"B3A","B3A","Nova Scotia",,20131,11840,10808
"B3B","B3B","Nova Scotia",,1438,584,524
"B3E","B3E","Nova Scotia",,6782,2749,2637
"B3G","B3G","Nova Scotia",,10593,4263,4142
"B3H","B3H","Nova Scotia",,18814,11098,9135
"B3J","B3J","Nova Scotia",,5901,4326,3464
"B3K","B3K","Nova Scotia",,20591,11773,10448
"B3L","B3L","Nova Scotia",,17534,8922,8188
"B3M","B3M","Nova Scotia",,32204,16023,15123
"B3N","B3N","Nova Scotia",,13604,6983,6495
"B3P","B3P","Nova Scotia",,9347,4237,3990
"B3R","B3R","Nova Scotia",,8484,4109,3860
"B3S","B3S","Nova Scotia",,12895,5872,5734
"B3T","B3T","Nova Scotia",,16884,6648,6360
"B3V","B3V","Nova Scotia",,5999,2542,2393
"B3Z","B3Z","Nova Scotia",,16905,6839,6263
"B4A","B4A","Nova Scotia",,17900,7586,7199
"B4B","B4B","Nova Scotia",,13028,4485,4347
"B4C","B4C","Nova Scotia",,18195,7512,7307
"B4E","B4E","Nova Scotia",,18259,7090,6920
"B4G","B4G","Nova Scotia",,5055,1851,1803
"B4H","B4H","Nova Scotia",,13422,7122,6096
"B4N","B4N","Nova Scotia",,17382,8158,7706
"B4P","B4P","Nova Scotia",,7784,4290,3482
"B4R","B4R","Nova Scotia",,2985,1199,1175
"B4V","B4V","Nova Scotia",,20167,9999,9002
"B5A","B5A","Nova Scotia",,15479,7929,6969
"B6L","B6L","Nova Scotia",,13007,5380,5144
"B9A","B9A","Nova Scotia",,4492,2178,1880
"C0A","C0A","Prince Edward Island",,44095,23867,17692
"C0B","C0B","Prince Edward Island",,28575,14826,11570
"C1A","C1A","Prince Edward Island",,24839,12631,11691
"C1B","C1B","Prince Edward Island",,13203,5549,5128
"C1C","C1C","Prince Edward Island",,4266,1888,1804
"C1E","C1E","Prince Edward Island",,11466,4617,4362
"C1N","C1N","Prince Edward Island",,16463,7741,7225
"E1A","E1A","New Brunswick",,43012,19597,18190
"E1B","E1B","New Brunswick",,19667,8537,8224
"E1C","E1C","New Brunswick",,23686,13424,11680
"E1E","E1E","New Brunswick",,11006,5316,4970
"E1G","E1G","New Brunswick",,22554,8799,8482
"E1H","E1H","New Brunswick",,7421,3344,3203
"E1J","E1J","New Brunswick",,3436,1384,1339
"E1N","E1N","New Brunswick",,11344,5478,4858
"E1V","E1V","New Brunswick",,13544,6364,5909
"E1W","E1W","New Brunswick",,6935,3550,3197
"E1X","E1X","New Brunswick",,14040,6509,5927
"E2A","E2A","New Brunswick",,17205,8966,7913
"E2E","E2E","New Brunswick",,19526,7421,7198
"E2G","E2G","New Brunswick",,5079,1943,1888
"E2H","E2H","New Brunswick",,4700,2004,1884
"E2J","E2J","New Brunswick",,15813,7512,6919
"E2K","E2K","New Brunswick",,17495,8939,7847
"E2L","E2L","New Brunswick",,7566,5203,4212
"E2M","E2M","New Brunswick",,18715,8739,8039
"E2N","E2N","New Brunswick",,4275,1771,1678
"E2P","E2P","New Brunswick",,1391,575,556
"E2R","E2R","New Brunswick",,10,5,5
"E2S","E2S","New Brunswick",,6822,2757,2613
"E2V","E2V","New Brunswick",,14649,6034,5530
"E3A","E3A","New Brunswick",,28167,12655,11979
"E3B","E3B","New Brunswick",,36946,18200,16373
"E3C","E3C","New Brunswick",,11594,4659,4515
"E3E","E3E","New Brunswick",,4600,1726,1688
"E3G","E3G","New Brunswick",,8687,3452,3355
"E3L","E3L","New Brunswick",,8618,4147,3774
"E3N","E3N","New Brunswick",,13533,6539,6068
"E3V","E3V","New Brunswick",,11742,5898,5463
"E3Y","E3Y","New Brunswick",,7355,3299,3073
"E3Z","E3Z","New Brunswick",,4080,1988,1861
"E4A","E4A","New Brunswick",,2926,1959,1444
"E4B","E4B","New Brunswick",,4190,2531,1955
"E4C","E4C","New Brunswick",,2186,2061,998
"E4E","E4E","New Brunswick",,8906,4323,3923
"E4G","E4G","New Brunswick",,2737,1183,1104
"E4H","E4H","New Brunswick",,4014,2115,1771
"E4J","E4J","New Brunswick",,4840,2098,1980
"E4K","E4K","New Brunswick",,6315,2593,2379
"E4L","E4L","New Brunswick",,7009,3877,3019
"E4M","E4M","New Brunswick",,1772,1462,817
"E4N","E4N","New Brunswick",,3712,1765,1498
"E4P","E4P","New Brunswick",,14586,7799,6305
"E4R","E4R","New Brunswick",,6285,3933,2753
"E4S","E4S","New Brunswick",,7013,3631,3052
"E4T","E4T","New Brunswick",,2159,1240,946
"E4V","E4V","New Brunswick",,4246,1997,1784
"E4W","E4W","New Brunswick",,8069,4198,3529
"E4X","E4X","New Brunswick",,2976,1416,1274
"E4Y","E4Y","New Brunswick",,3038,1534,1355
"E4Z","E4Z","New Brunswick",,5618,2783,2326
"E5A","E5A","New Brunswick",,1698,901,740
"E5B","E5B","New Brunswick",,3037,1783,1354
"E5C","E5C","New Brunswick",,4221,2181,1795
"E5E","E5E","New Brunswick",,872,616,376
"E5G","E5G","New Brunswick",,2505,1468,1143
"E5H","E5H","New Brunswick",,2825,1300,1196
"E5J","E5J","New Brunswick",,1960,1137,868
"E5K","E5K","New Brunswick",,7123,3025,2819
"E5L","E5L","New Brunswick",,2871,1382,1204
"E5M","E5M","New Brunswick",,2028,1069,867
"E5N","E5N","New Brunswick",,11668,5120,4577
"E5P","E5P","New Brunswick",,2546,1099,999
"E5R","E5R","New Brunswick",,1446,800,625
"E5S","E5S","New Brunswick",,1774,1030,786
"E5T","E5T","New Brunswick",,3035,1925,1224
"E5V","E5V","New Brunswick",,797,467,347
"E6A","E6A","New Brunswick",,1254,680,534
"E6B","E6B","New Brunswick",,1590,816,647
"E6C","E6C","New Brunswick",,2044,923,860
"E6E","E6E","New Brunswick",,1512,762,621
"E6G","E6G","New Brunswick",,2519,1393,1115
"E6H","E6H","New Brunswick",,1210,971,509
"E6J","E6J","New Brunswick",,1185,664,537
"E6K","E6K","New Brunswick",,3787,2331,1613
"E6L","E6L","New Brunswick",,4660,2066,1896
"E7A","E7A","New Brunswick",,3707,2024,1647
"E7B","E7B","New Brunswick",,5701,2587,2453
"E7C","E7C","New Brunswick",,5229,2386,2267
"E7E","E7E","New Brunswick",,4279,2024,1849
"E7G","E7G","New Brunswick",,3720,2078,1678
"E7H","E7H","New Brunswick",,5577,2685,2388
"E7J","E7J","New Brunswick",,2069,941,855
"E7K","E7K","New Brunswick",,2564,1134,1036
"E7L","E7L","New Brunswick",,5195,2421,2123
"E7M","E7M","New Brunswick",,9908,4434,4172
"E7N","E7N","New Brunswick",,2966,1409,1174
"E7P","E7P","New Brunswick",,3591,1600,1440
"E8A","E8A","New Brunswick",,3679,1668,1577
"E8B","E8B","New Brunswick",,2333,1127,1047
"E8C","E8C","New Brunswick",,3544,1879,1693
"E8E","E8E","New Brunswick",,5224,2472,2302
"E8G","E8G","New Brunswick",,2642,1574,1306
"E8J","E8J","New Brunswick",,5614,2633,2457
"E8K","E8K","New Brunswick",,8668,4081,3786
"E8L","E8L","New Brunswick",,2356,1084,1002
"E8M","E8M","New Brunswick",,2059,993,905
"E8N","E8N","New Brunswick",,2549,1586,1262
"E8P","E8P","New Brunswick",,3450,1609,1454
"E8R","E8R","New Brunswick",,3174,1573,1404
"E8S","E8S","New Brunswick",,4578,2247,1951
"E8T","E8T","New Brunswick",,5758,3043,2591
"E9A","E9A","New Brunswick",,2254,1157,1009
"E9B","E9B","New Brunswick",,2336,1141,969
"E9C","E9C","New Brunswick",,2115,1254,981
"E9E","E9E","New Brunswick",,3953,1949,1690
"E9G","E9G","New Brunswick",,5290,2372,2150
"E9H","E9H","New Brunswick",,3041,1415,1281
"G0A","G0A","Quebec",,86140,43053,36136
"G0C","G0C","Quebec",,47114,23744,21386
"G0E","G0E","Quebec",,4773,3066,2263
"G0G","G0G","Quebec",,17665,9023,7073
"G0H","G0H","Quebec",,10540,5245,4604
"G0J","G0J","Quebec",,29251,16484,13404
"G0K","G0K","Quebec",,11587,6569,5152
"G0L","G0L","Quebec",,59524,31620,25998
"G0M","G0M","Quebec",,34021,16488,14297
"G0N","G0N","Quebec",,19489,10930,8728
"G0P","G0P","Quebec",,6816,3350,2841
"G0R","G0R","Quebec",,83573,43268,36455
"G0S","G0S","Quebec",,68020,30523,28081
"G0T","G0T","Quebec",,14063,7725,6323
"G0V","G0V","Quebec",,17614,9945,7386
"G0W","G0W","Quebec",,36076,17743,14226
"G0X","G0X","Quebec",,58779,32162,26101
"G0Y","G0Y","Quebec",,9052,5872,4063
"G0Z","G0Z","Quebec",,8596,4132,3686
"G1A","G1A","Quebec",,0,1,1
"G1B","G1B","Quebec",,16337,6397,6291
"G1C","G1C","Quebec",,36407,15798,15529
"G1E","G1E","Quebec",,27071,14055,13295
"G1G","G1G","Quebec",,24695,11239,10978
"G1H","G1H","Quebec",,29105,15114,14487
"G1J","G1J","Quebec",,23388,13732,12910
"G1K","G1K","Quebec",,18309,12086,10965
"G1L","G1L","Quebec",,22729,13519,12715
"G1M","G1M","Quebec",,19697,9744,9343
"G1N","G1N","Quebec",,8053,5006,4700
"G1P","G1P","Quebec",,16514,8286,8057
"G1R","G1R","Quebec",,16663,12127,10345
"G1S","G1S","Quebec",,25741,14412,13312
"G1T","G1T","Quebec",,6378,2673,2562
"G1V","G1V","Quebec",,18530,12727,9904
"G1W","G1W","Quebec",,21091,10722,10090
"G1X","G1X","Quebec",,25855,13023,12434
"G1Y","G1Y","Quebec",,12653,5287,5222
"G2A","G2A","Quebec",,15482,6449,6327
"G2B","G2B","Quebec",,24546,11082,10706
"G2C","G2C","Quebec",,11767,5681,5549
"G2E","G2E","Quebec",,20674,8948,8792
"G2G","G2G","Quebec",,10676,4705,4616
"G2J","G2J","Quebec",,2953,1662,1579
"G2K","G2K","Quebec",,10961,5462,5255
"G2L","G2L","Quebec",,14090,6315,6248
"G2M","G2M","Quebec",,5301,2178,2140
"G2N","G2N","Quebec",,8134,3393,3313
"G3A","G3A","Quebec",,19198,7838,7344
"G3B","G3B","Quebec",,7925,3097,2901
"G3C","G3C","Quebec",,8977,4166,3488
"G3E","G3E","Quebec",,15629,5926,5868
"G3G","G3G","Quebec",,10098,4036,3946
"G3H","G3H","Quebec",,9252,3944,3765
"G3J","G3J","Quebec",,10341,4338,4246
"G3K","G3K","Quebec",,18534,7251,7158
"G3L","G3L","Quebec",,10309,5416,4479
"G3M","G3M","Quebec",,7200,3180,3111
"G3N","G3N","Quebec",,9942,4709,3949
"G3Z","G3Z","Quebec",,7142,3667,3229
"G4A","G4A","Quebec",,3085,1481,1394
"G4R","G4R","Quebec",,20973,9967,9027
"G4S","G4S","Quebec",,5208,2278,2196
"G4T","G4T","Quebec",,12475,6477,5534
"G4V","G4V","Quebec",,6616,3457,3108
"G4W","G4W","Quebec",,14326,7427,6871
"G4X","G4X","Quebec",,14568,7074,6412
"G4Z","G4Z","Quebec",,9859,4805,4425
"G5A","G5A","Quebec",,8332,4636,3816
"G5B","G5B","Quebec",,6294,2960,2688
"G5C","G5C","Quebec",,11771,5536,5271
"G5H","G5H","Quebec",,6789,3352,3127
"G5J","G5J","Quebec",,6221,3031,2882
"G5L","G5L","Quebec",,29258,15839,14470
"G5M","G5M","Quebec",,8471,3657,3574
"G5N","G5N","Quebec",,7969,3378,3283
"G5R","G5R","Quebec",,19500,9771,9070
"G5T","G5T","Quebec",,2863,1530,1343
"G5V","G5V","Quebec",,11255,5651,5281
"G5X","G5X","Quebec",,6290,2841,2731
"G5Y","G5Y","Quebec",,23460,11366,10985
"G5Z","G5Z","Quebec",,6882,2841,2799
"G6A","G6A","Quebec",,2330,873,865
"G6B","G6B","Quebec",,8179,4081,3736
"G6C","G6C","Quebec",,7046,2846,2794
"G6E","G6E","Quebec",,13537,5845,5641
"G6G","G6G","Quebec",,19707,10043,9445
"G6H","G6H","Quebec",,7142,3345,3134
"G6J","G6J","Quebec",,10513,4089,4029
"G6K","G6K","Quebec",,8366,3170,3148
"G6L","G6L","Quebec",,15172,6996,6691
"G6P","G6P","Quebec",,29233,14619,14024
"G6R","G6R","Quebec",,4598,1754,1715
"G6S","G6S","Quebec",,5029,2039,1977
"G6T","G6T","Quebec",,10291,4141,4082
"G6V","G6V","Quebec",,31698,16046,15222
"G6W","G6W","Quebec",,23942,11296,10990
"G6X","G6X","Quebec",,9751,4774,4645
"G6Y","G6Y","Quebec",,5618,2312,2237
"G6Z","G6Z","Quebec",,23607,9112,9005
"G7A","G7A","Quebec",,22834,8925,8695
"G7B","G7B","Quebec",,17957,8356,8000
"G7G","G7G","Quebec",,16737,7225,7055
"G7H","G7H","Quebec",,28516,15055,13960
"G7J","G7J","Quebec",,14860,7262,7024
"G7K","G7K","Quebec",,648,320,307
"G7N","G7N","Quebec",,6367,2686,2541
"G7P","G7P","Quebec",,7244,3205,2960
"G7S","G7S","Quebec",,20099,8752,8494
"G7T","G7T","Quebec",,901,389,374
"G7X","G7X","Quebec",,25725,13776,12654
"G7Y","G7Y","Quebec",,622,294,272
"G7Z","G7Z","Quebec",,2823,1096,1092
"G8A","G8A","Quebec",,6179,2802,2701
"G8B","G8B","Quebec",,22664,10933,10388
"G8C","G8C","Quebec",,4209,1713,1702
"G8E","G8E","Quebec",,3841,1638,1540
"G8G","G8G","Quebec",,3991,2090,1739
"G8H","G8H","Quebec",,10303,4934,4611
"G8J","G8J","Quebec",,4154,2545,1749
"G8K","G8K","Quebec",,10238,5022,4533
"G8L","G8L","Quebec",,14753,7034,6465
"G8M","G8M","Quebec",,5286,2359,2252
"G8N","G8N","Quebec",,2533,1251,1070
"G8P","G8P","Quebec",,7537,3552,3270
"G8T","G8T","Quebec",,28121,14539,13781
"G8V","G8V","Quebec",,9484,3960,3850
"G8W","G8W","Quebec",,10311,4569,4383
"G8Y","G8Y","Quebec",,32509,15902,15208
"G8Z","G8Z","Quebec",,13573,7789,6687
"G9A","G9A","Quebec",,20220,12453,10983
"G9B","G9B","Quebec",,16948,7204,6941
"G9C","G9C","Quebec",,3247,1355,1324
"G9H","G9H","Quebec",,13028,6028,5692
"G9N","G9N","Quebec",,16114,9706,8509
"G9P","G9P","Quebec",,11318,5605,5371
"G9R","G9R","Quebec",,2274,1006,931
"G9T","G9T","Quebec",,15914,8563,7918
"G9X","G9X","Quebec",,10745,6364,5176
"H0M","H0M","Quebec",,1202,763,364
"H1A","H1A","Quebec",,32516,14287,13832
"H1B","H1B","Quebec",,20160,9400,9042
"H1C","H1C","Quebec",,14678,4734,4685
"H1E","H1E","Quebec",,42420,16941,16437
"H1G","H1G","Quebec",,48556,21206,19661
"H1H","H1H","Quebec",,36127,16746,15448
"H1J","H1J","Quebec",,10308,4893,4772
"H1K","H1K","Quebec",,34821,14743,14110
"H1L","H1L","Quebec",,33468,17255,16096
"H1M","H1M","Quebec",,29359,14691,13940
"H1N","H1N","Quebec",,23870,12299,11594
"H1P","H1P","Quebec",,18063,7606,7274
"H1R","H1R","Quebec",,30903,12395,11761
"H1S","H1S","Quebec",,25737,10897,10402
"H1T","H1T","Quebec",,31338,16356,15321
"H1V","H1V","Quebec",,22086,12408,11622
"H1W","H1W","Quebec",,28889,17043,15737
"H1X","H1X","Quebec",,30366,16869,15826
"H1Y","H1Y","Quebec",,27172,15256,14122
"H1Z","H1Z","Quebec",,35472,14627,13498
"H2A","H2A","Quebec",,19651,9157,8574
"H2B","H2B","Quebec",,17678,9255,8540
"H2C","H2C","Quebec",,18692,9151,8698
"H2E","H2E","Quebec",,24297,12582,11760
"H2G","H2G","Quebec",,21981,12581,11762
"H2H","H2H","Quebec",,14671,8368,7829
"H2J","H2J","Quebec",,26559,16050,14820
"H2K","H2K","Quebec",,28727,17565,16157
"H2L","H2L","Quebec",,24222,15923,13983
"H2M","H2M","Quebec",,18621,9241,8769
"H2N","H2N","Quebec",,6334,2884,2667
"H2P","H2P","Quebec",,14693,7846,7420
"H2R","H2R","Quebec",,22436,12732,12023
"H2S","H2S","Quebec",,27359,15854,14880
"H2T","H2T","Quebec",,16272,9025,8305
"H2V","H2V","Quebec",,31323,13670,12440
"H2W","H2W","Quebec",,11305,6938,5967
"H2X","H2X","Quebec",,19901,15204,12017
"H2Y","H2Y","Quebec",,3455,2944,2113
"H2Z","H2Z","Quebec",,2313,1937,1438
"H3A","H3A","Quebec",,3580,3243,2159
"H3B","H3B","Quebec",,581,636,301
"H3C","H3C","Quebec",,10877,7353,6275
"H3E","H3E","Quebec",,20461,10272,9642
"H3G","H3G","Quebec",,7457,5802,4385
"H3H","H3H","Quebec",,19025,13595,11433
"H3J","H3J","Quebec",,11071,5353,5010
"H3K","H3K","Quebec",,14919,8351,7644
"H3L","H3L","Quebec",,20636,10087,9369
"H3M","H3M","Quebec",,15478,6716,6363
"H3N","H3N","Quebec",,28277,13223,12056
"H3P","H3P","Quebec",,10208,3870,3650
"H3R","H3R","Quebec",,9650,3832,3562
"H3S","H3S","Quebec",,33125,15950,14355
"H3T","H3T","Quebec",,12817,7254,6194
"H3V","H3V","Quebec",,6648,4515,3941
"H3W","H3W","Quebec",,30678,13311,12233
"H3X","H3X","Quebec",,23069,10911,10040
"H3Y","H3Y","Quebec",,9747,3616,3385
"H3Z","H3Z","Quebec",,11813,6628,5852
"H4A","H4A","Quebec",,26453,13105,11965
"H4B","H4B","Quebec",,20368,10928,10079
"H4C","H4C","Quebec",,17052,10068,9279
"H4E","H4E","Quebec",,30513,15729,14720
"H4G","H4G","Quebec",,29488,16471,15354
"H4H","H4H","Quebec",,19268,9466,8990
"H4J","H4J","Quebec",,18205,7712,7144
"H4K","H4K","Quebec",,11257,4126,3938
"H4L","H4L","Quebec",,36795,14940,14030
"H4M","H4M","Quebec",,12325,4742,4474
"H4N","H4N","Quebec",,29755,12365,11623
"H4P","H4P","Quebec",,7149,3586,3312
"H4R","H4R","Quebec",,27065,11297,10628
"H4S","H4S","Quebec",,560,224,220
"H4T","H4T","Quebec",,0,1,0
"H4V","H4V","Quebec",,20338,9599,8794
"H4W","H4W","Quebec",,24742,10472,9791
"H4X","H4X","Quebec",,6289,2582,2409
"H4Y","H4Y","Quebec",,5,3,3
"H4Z","H4Z","Quebec",,10,5,5
"H5A","H5A","Quebec",,0,0,0
"H5B","H5B","Quebec",,5,2,2
"H7A","H7A","Quebec",,20918,7374,7191
"H7B","H7B","Quebec",,3037,1079,1053
"H7C","H7C","Quebec",,8985,3750,3478
"H7E","H7E","Quebec",,26385,10275,10030
"H7G","H7G","Quebec",,21157,8902,8537
"H7H","H7H","Quebec",,13828,5047,4983
"H7J","H7J","Quebec",,2215,927,872
"H7K","H7K","Quebec",,22259,8105,8004
"H7L","H7L","Quebec",,37252,12957,12784
"H7M","H7M","Quebec",,27898,10821,10614
"H7N","H7N","Quebec",,42318,19668,18887
"H7P","H7P","Quebec",,35056,12973,12804
"H7R","H7R","Quebec",,30051,10903,10698
"H7S","H7S","Quebec",,7346,3138,3037
"H7T","H7T","Quebec",,24155,9786,9426
"H7V","H7V","Quebec",,22594,10205,9427
"H7W","H7W","Quebec",,41619,17441,16385
"H7X","H7X","Quebec",,26124,8929,8787
"H7Y","H7Y","Quebec",,9796,3411,3331
"H8N","H8N","Quebec",,29465,13177,12342
"H8P","H8P","Quebec",,22706,10971,10280
"H8R","H8R","Quebec",,29913,14205,13010
"H8S","H8S","Quebec",,24407,11897,10912
"H8T","H8T","Quebec",,14796,6950,6575
"H8Y","H8Y","Quebec",,19057,7725,7340
"H8Z","H8Z","Quebec",,15161,5730,5578
"H9A","H9A","Quebec",,15691,5394,5269
"H9B","H9B","Quebec",,20943,7619,7405
"H9C","H9C","Quebec",,11613,4130,4049
"H9E","H9E","Quebec",,3098,1281,1200
"H9G","H9G","Quebec",,15512,5799,5708
"H9H","H9H","Quebec",,25449,9802,9510
"H9J","H9J","Quebec",,21728,7638,7433
"H9K","H9K","Quebec",,8557,2802,2737
"H9P","H9P","Quebec",,3925,1541,1505
"H9R","H9R","Quebec",,23861,9342,9023
"H9S","H9S","Quebec",,22580,10830,10244
"H9W","H9W","Quebec",,19324,6828,6662
"H9X","H9X","Quebec",,9702,3951,3640
"J0A","J0A","Quebec",,18840,8996,7989
"J0B","J0B","Quebec",,62359,32233,26489
"J0C","J0C","Quebec",,22745,10130,9394
"J0E","J0E","Quebec",,48182,27506,20995
"J0G","J0G","Quebec",,18556,9287,8250
"J0H","J0H","Quebec",,52238,22562,21295
"J0J","J0J","Quebec",,41213,18808,17028
"J0K","J0K","Quebec",,139128,75674,61387
"J0L","J0L","Quebec",,75957,32166,30833
"J0M","J0M","Quebec",,23550,6973,5900
"J0N","J0N","Quebec",,49434,19321,18841
"J0P","J0P","Quebec",,39721,17168,16236
"J0R","J0R","Quebec",,35633,20314,16233
"J0S","J0S","Quebec",,31968,15988,13758
"J0T","J0T","Quebec",,46277,42108,22756
"J0V","J0V","Quebec",,25928,17229,11839
"J0W","J0W","Quebec",,16025,11296,7513
"J0X","J0X","Quebec",,45720,32616,19891
"J0Y","J0Y","Quebec",,29439,13560,11862
"J0Z","J0Z","Quebec",,34120,17535,14555
"J1A","J1A","Quebec",,9251,4290,4056
"J1C","J1C","Quebec",,6626,2708,2667
"J1E","J1E","Quebec",,23643,12425,11305
"J1G","J1G","Quebec",,19936,9423,8997
"J1H","J1H","Quebec",,27256,16625,14124
"J1J","J1J","Quebec",,14462,7377,7013
"J1K","J1K","Quebec",,6904,4043,3098
"J1L","J1L","Quebec",,14301,7498,7015
"J1M","J1M","Quebec",,5376,3007,2391
"J1N","J1N","Quebec",,32394,13274,12980
"J1R","J1R","Quebec",,10423,3959,3914
"J1S","J1S","Quebec",,7919,3584,3372
"J1T","J1T","Quebec",,7693,3931,3619
"J1X","J1X","Quebec",,31584,17497,14459
"J1Z","J1Z","Quebec",,5612,2173,2125
"J2A","J2A","Quebec",,11724,4813,4646
"J2B","J2B","Quebec",,30349,14637,13967
"J2C","J2C","Quebec",,29763,14301,13786
"J2E","J2E","Quebec",,4086,1830,1805
"J2G","J2G","Quebec",,28283,14923,14317
"J2H","J2H","Quebec",,19822,7802,7661
"J2J","J2J","Quebec",,18115,8154,7969
"J2K","J2K","Quebec",,16665,7674,7266
"J2L","J2L","Quebec",,9052,5204,3959
"J2M","J2M","Quebec",,6941,2901,2721
"J2N","J2N","Quebec",,8909,4187,3894
"J2R","J2R","Quebec",,10241,4332,4264
"J2S","J2S","Quebec",,29128,14953,13953
"J2T","J2T","Quebec",,16309,7782,7282
"J2W","J2W","Quebec",,28279,10865,10739
"J2X","J2X","Quebec",,19786,8274,8075
"J2Y","J2Y","Quebec",,5672,2191,2175
"J3A","J3A","Quebec",,8455,4887,4770
"J3B","J3B","Quebec",,32742,15802,15067
"J3E","J3E","Quebec",,29847,11184,11064
"J3G","J3G","Quebec",,31982,13134,12856
"J3H","J3H","Quebec",,25815,10477,10259
"J3L","J3L","Quebec",,48606,19394,18798
"J3M","J3M","Quebec",,10751,4529,4398
"J3N","J3N","Quebec",,17059,6447,6391
"J3P","J3P","Quebec",,24977,12623,11834
"J3R","J3R","Quebec",,14199,7110,6761
"J3T","J3T","Quebec",,8169,3751,3546
"J3V","J3V","Quebec",,25953,10298,10124
"J3X","J3X","Quebec",,21257,8315,8161
"J3Y","J3Y","Quebec",,61954,25316,24853
"J3Z","J3Z","Quebec",,4863,1521,1507
"J4B","J4B","Quebec",,41671,17134,16888
"J4G","J4G","Quebec",,9875,4653,4527
"J4H","J4H","Quebec",,15144,8222,7740
"J4J","J4J","Quebec",,29492,15261,14301
"J4K","J4K","Quebec",,25903,13723,12646
"J4L","J4L","Quebec",,30266,13883,12993
"J4M","J4M","Quebec",,13048,4884,4776
"J4N","J4N","Quebec",,9876,4638,4466
"J4P","J4P","Quebec",,10798,5528,5061
"J4R","J4R","Quebec",,9982,4813,4527
"J4S","J4S","Quebec",,6155,3155,3022
"J4T","J4T","Quebec",,17836,8275,7894
"J4V","J4V","Quebec",,16543,7379,7079
"J4W","J4W","Quebec",,18319,7506,7264
"J4X","J4X","Quebec",,17657,6752,6615
"J4Y","J4Y","Quebec",,23179,8867,8612
"J4Z","J4Z","Quebec",,26576,11130,10771
"J5A","J5A","Quebec",,27312,10263,10093
"J5B","J5B","Quebec",,7443,2943,2880
"J5C","J5C","Quebec",,17047,6845,6751
"J5J","J5J","Quebec",,15690,6578,6225
"J5K","J5K","Quebec",,16019,6200,5954
"J5L","J5L","Quebec",,20067,8383,8067
"J5M","J5M","Quebec",,20788,8360,8074
"J5R","J5R","Quebec",,45157,17872,17529
"J5T","J5T","Quebec",,13657,5507,5351
"J5V","J5V","Quebec",,7152,3704,3519
"J5W","J5W","Quebec",,25868,10426,10171
"J5X","J5X","Quebec",,8693,3564,3398
"J5Y","J5Y","Quebec",,29382,10965,10840
"J5Z","J5Z","Quebec",,27327,11365,11177
"J6A","J6A","Quebec",,33489,14508,14182
"J6E","J6E","Quebec",,43876,21064,20240
"J6J","J6J","Quebec",,23457,9750,9446
"J6K","J6K","Quebec",,24449,9616,9352
"J6N","J6N","Quebec",,15189,7118,6765
"J6R","J6R","Quebec",,13115,4932,4839
"J6S","J6S","Quebec",,23518,10934,10553
"J6T","J6T","Quebec",,17227,8422,8070
"J6V","J6V","Quebec",,12315,4679,4591
"J6W","J6W","Quebec",,32007,13486,13207
"J6X","J6X","Quebec",,23026,8766,8676
"J6Y","J6Y","Quebec",,19967,6857,6693
"J6Z","J6Z","Quebec",,18958,7476,7333
"J7A","J7A","Quebec",,14083,5216,5130
"J7B","J7B","Quebec",,13029,4253,4191
"J7C","J7C","Quebec",,41925,16024,15702
"J7E","J7E","Quebec",,30476,13875,13411
"J7G","J7G","Quebec",,17218,7108,6981
"J7H","J7H","Quebec",,6982,2823,2748
"J7J","J7J","Quebec",,23008,9473,9142
"J7K","J7K","Quebec",,34964,13932,13611
"J7L","J7L","Quebec",,11728,4390,4289
"J7M","J7M","Quebec",,24207,8815,8615
"J7N","J7N","Quebec",,27495,10912,10481
"J7P","J7P","Quebec",,24790,10839,10582
"J7R","J7R","Quebec",,36714,15143,14858
"J7T","J7T","Quebec",,26699,9534,9372
"J7V","J7V","Quebec",,63003,24931,24236
"J7W","J7W","Quebec",,14558,5556,5471
"J7X","J7X","Quebec",,5368,2285,2200
"J7Y","J7Y","Quebec",,24934,12233,11646
"J7Z","J7Z","Quebec",,29351,14702,13931
"J8A","J8A","Quebec",,9113,5073,4007
"J8B","J8B","Quebec",,12919,7602,6283
"J8C","J8C","Quebec",,10559,6798,5040
"J8E","J8E","Quebec",,9687,8149,4574
"J8G","J8G","Quebec",,7849,4895,3488
"J8H","J8H","Quebec",,13810,7522,6454
"J8L","J8L","Quebec",,18626,8408,7775
"J8M","J8M","Quebec",,12981,5168,5058
"J8N","J8N","Quebec",,12054,6886,4770
"J8P","J8P","Quebec",,33621,15623,14810
"J8R","J8R","Quebec",,29175,10972,10811
"J8T","J8T","Quebec",,39349,18837,17821
"J8V","J8V","Quebec",,26483,10093,9772
"J8X","J8X","Quebec",,9749,6661,5474
"J8Y","J8Y","Quebec",,23241,13170,11940
"J8Z","J8Z","Quebec",,14938,7779,7232
"J9A","J9A","Quebec",,21438,9798,9143
"J9B","J9B","Quebec",,6898,2894,2607
"J9E","J9E","Quebec",,7769,4013,3644
"J9H","J9H","Quebec",,31023,13411,12780
"J9J","J9J","Quebec",,32714,12516,11916
"J9L","J9L","Quebec",,14002,6830,6319
"J9P","J9P","Quebec",,32766,15458,14648
"J9T","J9T","Quebec",,13381,6076,5791
"J9V","J9V","Quebec",,3462,1870,1620
"J9X","J9X","Quebec",,23669,12372,11480
"J9Y","J9Y","Quebec",,10201,4185,3886
"J9Z","J9Z","Quebec",,7340,3667,3432
"K0A","K0A","Ontario",,103474,40512,38794
"K0B","K0B","Ontario",,20945,9395,8714
"K0C","K0C","Ontario",,52154,22366,21132
"K0E","K0E","Ontario",,38903,18248,16177
"K0G","K0G","Ontario",,37097,18931,15121
"K0H","K0H","Ontario",,44019,25284,17479
"K0J","K0J","Ontario",,33702,19946,14306
"K0K","K0K","Ontario",,111372,51289,44868
"K0L","K0L","Ontario",,71343,48033,30095
"K0M","K0M","Ontario",,49388,37172,21430
"K1A","K1A","Ontario",,589,484,352
"K1B","K1B","Ontario",,17110,6826,6611
"K1C","K1C","Ontario",,37662,14338,14172
"K1E","K1E","Ontario",,14803,5815,5742
"K1G","K1G","Ontario",,34075,15128,14195
"K1H","K1H","Ontario",,15796,7180,6804
"K1J","K1J","Ontario",,26931,11111,10652
"K1K","K1K","Ontario",,29499,14212,13482
"K1L","K1L","Ontario",,17021,10452,9369
"K1M","K1M","Ontario",,6695,3180,2919
"K1N","K1N","Ontario",,25063,16708,13262
"K1P","K1P","Ontario",,340,469,230
"K1R","K1R","Ontario",,18730,12095,10518
"K1S","K1S","Ontario",,28660,14379,12757
"K1T","K1T","Ontario",,35432,12557,12219
"K1V","K1V","Ontario",,54835,22427,21048
"K1W","K1W","Ontario",,10032,3420,3278
"K1X","K1X","Ontario",,835,349,325
"K1Y","K1Y","Ontario",,19774,9988,9458
"K1Z","K1Z","Ontario",,20983,10909,10054
"K2A","K2A","Ontario",,16790,7433,7205
"K2B","K2B","Ontario",,32260,15640,14719
"K2C","K2C","Ontario",,27941,12901,11863
"K2E","K2E","Ontario",,19034,8424,7976
"K2G","K2G","Ontario",,49222,18145,17506
"K2H","K2H","Ontario",,26402,10879,10555
"K2J","K2J","Ontario",,68963,23593,23145
"K2K","K2K","Ontario",,24431,9326,8921
"K2L","K2L","Ontario",,19162,7276,7208
"K2M","K2M","Ontario",,27028,9308,9226
"K2P","K2P","Ontario",,17603,13302,11706
"K2R","K2R","Ontario",,1188,412,393
"K2S","K2S","Ontario",,32061,11125,11008
"K2T","K2T","Ontario",,9447,3138,3096
"K2V","K2V","Ontario",,2435,887,827
"K2W","K2W","Ontario",,8660,2624,2603
"K4A","K4A","Ontario",,54524,18677,18544
"K4B","K4B","Ontario",,4793,1771,1732
"K4C","K4C","Ontario",,4530,1623,1578
"K4K","K4K","Ontario",,15368,6118,5977
"K4M","K4M","Ontario",,11009,4165,4019
"K4P","K4P","Ontario",,9821,3336,3273
"K4R","K4R","Ontario",,7435,2639,2595
"K6A","K6A","Ontario",,12538,6231,5917
"K6H","K6H","Ontario",,30949,14455,13515
"K6J","K6J","Ontario",,17644,8221,8000
"K6K","K6K","Ontario",,3153,1293,1284
"K6T","K6T","Ontario",,556,207,203
"K6V","K6V","Ontario",,27782,13427,12688
"K7A","K7A","Ontario",,16626,7507,7083
"K7C","K7C","Ontario",,17666,7459,6956
"K7G","K7G","Ontario",,8297,4035,3683
"K7H","K7H","Ontario",,15009,7888,6540
"K7K","K7K","Ontario",,31621,16175,14418
"K7L","K7L","Ontario",,17749,11904,8441
"K7M","K7M","Ontario",,47676,21655,20605
"K7N","K7N","Ontario",,7900,3060,3007
"K7P","K7P","Ontario",,21653,8308,8178
"K7R","K7R","Ontario",,14406,6541,6034
"K7S","K7S","Ontario",,12986,5899,5608
"K7V","K7V","Ontario",,13438,6619,5997
"K8A","K8A","Ontario",,25771,11691,10925
"K8B","K8B","Ontario",,442,159,156
"K8H","K8H","Ontario",,15205,5922,5555
"K8N","K8N","Ontario",,28462,12984,12363
"K8P","K8P","Ontario",,21289,9686,9243
"K8R","K8R","Ontario",,1418,544,539
"K8V","K8V","Ontario",,27192,11792,11384
"K9A","K9A","Ontario",,25677,11353,10999
"K9H","K9H","Ontario",,28597,14046,12960
"K9J","K9J","Ontario",,43047,19192,18207
"K9K","K9K","Ontario",,13155,5105,4927
"K9L","K9L","Ontario",,7364,2923,2811
"K9V","K9V","Ontario",,27760,12554,11654
"L0A","L0A","Ontario",,13590,5089,4940
"L0B","L0B","Ontario",,15146,5988,5615
"L0C","L0C","Ontario",,9414,3539,3383
"L0E","L0E","Ontario",,20497,9815,8027
"L0G","L0G","Ontario",,39873,14486,13986
"L0H","L0H","Ontario",,3385,1192,1124
"L0J","L0J","Ontario",,5003,1512,1433
"L0K","L0K","Ontario",,34722,21324,14461
"L0L","L0L","Ontario",,46902,21825,17286
"L0M","L0M","Ontario",,35844,13706,12715
"L0N","L0N","Ontario",,5050,2111,1772
"L0P","L0P","Ontario",,8543,3202,2915
"L0R","L0R","Ontario",,97999,35050,34415
"L0S","L0S","Ontario",,55265,26504,22237
"L1A","L1A","Ontario",,15304,6739,6536
"L1B","L1B","Ontario",,11977,4745,4656
"L1C","L1C","Ontario",,43531,15805,15537
"L1E","L1E","Ontario",,27117,9321,9233
"L1G","L1G","Ontario",,41124,18496,17836
"L1H","L1H","Ontario",,31261,14143,13424
"L1J","L1J","Ontario",,41793,17472,16897
"L1K","L1K","Ontario",,39697,12815,12704
"L1L","L1L","Ontario",,5742,2023,1799
"L1M","L1M","Ontario",,21878,6842,6752
"L1N","L1N","Ontario",,47572,18892,18459
"L1P","L1P","Ontario",,17479,5443,5427
"L1R","L1R","Ontario",,40287,12624,12507
"L1S","L1S","Ontario",,40689,15436,15172
"L1T","L1T","Ontario",,50536,14512,14320
"L1V","L1V","Ontario",,51910,17740,17470
"L1W","L1W","Ontario",,17033,6791,6549
"L1X","L1X","Ontario",,19481,5855,5717
"L1Y","L1Y","Ontario",,2005,740,711
"L1Z","L1Z","Ontario",,28446,8154,8054
"L2A","L2A","Ontario",,16532,7529,6944
"L2E","L2E","Ontario",,20956,9906,9289
"L2G","L2G","Ontario",,26096,11711,11148
"L2H","L2H","Ontario",,25616,9140,8916
"L2J","L2J","Ontario",,14463,6121,6051
"L2M","L2M","Ontario",,32759,14395,14020
"L2N","L2N","Ontario",,30648,13306,13068
"L2P","L2P","Ontario",,14517,6432,6210
"L2R","L2R","Ontario",,24496,12535,11432
"L2S","L2S","Ontario",,19006,7503,7256
"L2T","L2T","Ontario",,10684,5398,4571
"L2V","L2V","Ontario",,16268,7509,6499
"L2W","L2W","Ontario",,2043,678,671
"L3B","L3B","Ontario",,22980,10728,10255
"L3C","L3C","Ontario",,31670,13545,13159
"L3K","L3K","Ontario",,18226,8708,8028
"L3M","L3M","Ontario",,26845,10417,10214
"L3P","L3P","Ontario",,37764,12889,12601
"L3R","L3R","Ontario",,62298,20441,19587
"L3S","L3S","Ontario",,56117,14906,14287
"L3T","L3T","Ontario",,50669,20181,19526
"L3V","L3V","Ontario",,44915,20774,18841
"L3X","L3X","Ontario",,42239,13013,12857
"L3Y","L3Y","Ontario",,44469,17251,16690
"L3Z","L3Z","Ontario",,33666,11312,11009
"L4A","L4A","Ontario",,42174,14433,14174
"L4B","L4B","Ontario",,35858,12367,11975
"L4C","L4C","Ontario",,71152,27583,26312
"L4E","L4E","Ontario",,52207,15905,15449
"L4G","L4G","Ontario",,55445,19381,18851
"L4H","L4H","Ontario",,68382,19325,19003
"L4J","L4J","Ontario",,77214,26277,25783
"L4K","L4K","Ontario",,15591,5558,5033
"L4L","L4L","Ontario",,54282,18774,18224
"L4M","L4M","Ontario",,45991,18988,18005
"L4N","L4N","Ontario",,98663,36532,35628
"L4P","L4P","Ontario",,28916,10856,10297
"L4R","L4R","Ontario",,18153,8286,7901
"L4S","L4S","Ontario",,35803,10607,10379
"L4T","L4T","Ontario",,38445,12359,11459
"L4V","L4V","Ontario",,5,1,1
"L4W","L4W","Ontario",,20761,7337,7199
"L4X","L4X","Ontario",,19592,7183,6928
"L4Y","L4Y","Ontario",,23796,9170,9012
"L4Z","L4Z","Ontario",,38102,13151,12758
"L5A","L5A","Ontario",,47828,18649,18283
"L5B","L5B","Ontario",,63394,26478,24822
"L5C","L5C","Ontario",,29687,10243,9842
"L5E","L5E","Ontario",,12731,5438,5309
"L5G","L5G","Ontario",,20206,8892,8599
"L5H","L5H","Ontario",,17608,6535,6330
"L5J","L5J","Ontario",,28089,10588,10404
"L5K","L5K","Ontario",,13967,4722,4669
"L5L","L5L","Ontario",,44860,15619,15262
"L5M","L5M","Ontario",,104868,32003,31049
"L5N","L5N","Ontario",,84829,27354,27003
"L5R","L5R","Ontario",,37126,12508,12064
"L5S","L5S","Ontario",,5,1,1
"L5T","L5T","Ontario",,5,10,4
"L5V","L5V","Ontario",,50821,13858,13621
"L5W","L5W","Ontario",,24871,6370,6294
"L6A","L6A","Ontario",,85794,25222,24787
"L6B","L6B","Ontario",,29411,8497,8298
"L6C","L6C","Ontario",,50929,15344,15045
"L6E","L6E","Ontario",,36356,10714,10561
"L6G","L6G","Ontario",,5370,3139,2752
"L6H","L6H","Ontario",,60913,21246,20544
"L6J","L6J","Ontario",,24673,8639,8313
"L6K","L6K","Ontario",,13009,6236,5771
"L6L","L6L","Ontario",,29742,11708,11296
"L6M","L6M","Ontario",,65493,20788,20345
"L6P","L6P","Ontario",,82182,19288,18807
"L6R","L6R","Ontario",,88002,21754,21089
"L6S","L6S","Ontario",,53308,17526,16925
"L6T","L6T","Ontario",,38451,13943,13419
"L6V","L6V","Ontario",,41853,14529,13913
"L6W","L6W","Ontario",,22128,8381,8107
"L6X","L6X","Ontario",,67070,19891,19341
"L6Y","L6Y","Ontario",,87654,26401,25363
"L6Z","L6Z","Ontario",,32749,10267,9944
"L7A","L7A","Ontario",,80236,21449,21103
"L7B","L7B","Ontario",,14863,5104,4745
"L7C","L7C","Ontario",,24632,7875,7599
"L7E","L7E","Ontario",,33934,11128,10894
"L7G","L7G","Ontario",,46057,16025,15745
"L7J","L7J","Ontario",,13634,5026,4924
"L7K","L7K","Ontario",,8231,3123,2857
"L7L","L7L","Ontario",,46761,17484,17232
"L7M","L7M","Ontario",,47925,16791,16709
"L7N","L7N","Ontario",,12972,5365,5290
"L7P","L7P","Ontario",,29700,11065,10910
"L7R","L7R","Ontario",,15866,7752,7516
"L7S","L7S","Ontario",,12191,6322,6106
"L7T","L7T","Ontario",,17728,7666,7532
"L8E","L8E","Ontario",,39398,14798,14397
"L8G","L8G","Ontario",,21547,9207,9059
"L8H","L8H","Ontario",,25892,11720,11086
"L8J","L8J","Ontario",,24381,7885,7801
"L8K","L8K","Ontario",,31449,14097,13713
"L8L","L8L","Ontario",,30825,14463,12532
"L8M","L8M","Ontario",,13533,7053,6224
"L8N","L8N","Ontario",,13819,8087,7086
"L8P","L8P","Ontario",,22734,13919,12799
"L8R","L8R","Ontario",,10817,5767,5126
"L8S","L8S","Ontario",,14311,8644,6449
"L8T","L8T","Ontario",,19042,7878,7749
"L8V","L8V","Ontario",,21207,9626,9389
"L8W","L8W","Ontario",,25793,8417,8347
"L9A","L9A","Ontario",,24904,10074,9886
"L9B","L9B","Ontario",,24033,8079,7969
"L9C","L9C","Ontario",,40155,15018,14612
"L9E","L9E","Ontario",,723,395,205
"L9G","L9G","Ontario",,23560,8431,8305
"L9H","L9H","Ontario",,31125,12548,12272
"L9J","L9J","Ontario",,596,279,262
"L9K","L9K","Ontario",,14264,4404,4353
"L9L","L9L","Ontario",,14897,5934,5709
"L9M","L9M","Ontario",,14825,8424,6076
"L9N","L9N","Ontario",,11533,3944,3864
"L9P","L9P","Ontario",,16814,6326,6132
"L9R","L9R","Ontario",,21313,8440,8229
"L9S","L9S","Ontario",,28567,11360,10398
"L9T","L9T","Ontario",,103839,32977,32125
"L9V","L9V","Ontario",,13643,4783,4703
"L9W","L9W","Ontario",,44867,16430,16027
"L9Y","L9Y","Ontario",,24766,15276,10918
"L9Z","L9Z","Ontario",,20647,12494,8998
"M1B","M1B","Ontario",,66108,20957,20230
"M1C","M1C","Ontario",,35626,11588,11274
"M1E","M1E","Ontario",,46943,17637,17161
"M1G","M1G","Ontario",,29690,10116,9767
"M1H","M1H","Ontario",,24383,9274,8985
"M1J","M1J","Ontario",,36699,12797,12274
"M1K","M1K","Ontario",,48434,18620,17930
"M1L","M1L","Ontario",,35081,12884,12428
"M1M","M1M","Ontario",,22913,8908,8623
"M1N","M1N","Ontario",,22136,9535,9095
"M1P","M1P","Ontario",,45571,17129,16540
"M1R","M1R","Ontario",,29858,11141,10767
"M1S","M1S","Ontario",,37769,13195,12644
"M1T","M1T","Ontario",,34588,13394,12949
"M1V","M1V","Ontario",,54680,16449,16092
"M1W","M1W","Ontario",,48471,16597,16173
"M1X","M1X","Ontario",,15097,3739,3649
"M2H","M2H","Ontario",,24497,9093,8700
"M2J","M2J","Ontario",,58293,22524,21876
"M2K","M2K","Ontario",,23852,11147,10540
"M2L","M2L","Ontario",,11717,4154,3974
"M2M","M2M","Ontario",,32320,13086,12399
"M2N","M2N","Ontario",,75897,36123,33765
"M2P","M2P","Ontario",,7843,3155,3020
"M2R","M2R","Ontario",,40792,16062,15575
"M3A","M3A","Ontario",,34615,13847,13241
"M3B","M3B","Ontario",,13324,5193,5001
"M3C","M3C","Ontario",,39153,16199,15851
"M3H","M3H","Ontario",,37011,14921,14226
"M3J","M3J","Ontario",,25473,10196,9407
"M3K","M3K","Ontario",,5997,2290,2208
"M3L","M3L","Ontario",,17339,6656,5824
"M3M","M3M","Ontario",,24046,9706,9234
"M3N","M3N","Ontario",,41958,14523,13841
"M4A","M4A","Ontario",,14443,6299,6170
"M4B","M4B","Ontario",,18628,7872,7599
"M4C","M4C","Ontario",,46866,20178,19431
"M4E","M4E","Ontario",,25044,11284,10784
"M4G","M4G","Ontario",,19076,8108,7731
"M4H","M4H","Ontario",,19688,6475,6415
"M4J","M4J","Ontario",,35738,15312,14754
"M4K","M4K","Ontario",,31583,15198,14556
"M4L","M4L","Ontario",,32640,14634,13901
"M4M","M4M","Ontario",,24689,11393,10787
"M4N","M4N","Ontario",,15330,6497,6190
"M4P","M4P","Ontario",,20039,12207,11487
"M4R","M4R","Ontario",,11394,5332,5036
"M4S","M4S","Ontario",,26506,14011,13397
"M4T","M4T","Ontario",,10463,5499,5212
"M4V","M4V","Ontario",,18241,10308,9666
"M4W","M4W","Ontario",,14561,7918,7267
"M4X","M4X","Ontario",,20822,10809,10306
"M4Y","M4Y","Ontario",,30472,21975,19665
"M5A","M5A","Ontario",,41078,24186,22333
"M5B","M5B","Ontario",,12785,8249,7058
"M5C","M5C","Ontario",,2951,1879,1721
"M5E","M5E","Ontario",,9118,6232,5682
"M5G","M5G","Ontario",,8423,5876,4929
"M5H","M5H","Ontario",,2005,1718,1243
"M5J","M5J","Ontario",,14545,9913,8649
"M5K","M5K","Ontario",,0,1,1
"M5L","M5L","Ontario",,0,1,1
"M5M","M5M","Ontario",,25975,9824,9408
"M5N","M5N","Ontario",,16610,6889,6486
"M5P","M5P","Ontario",,19423,10078,9350
"M5R","M5R","Ontario",,26496,15786,13953
"M5S","M5S","Ontario",,15372,9380,7878
"M5T","M5T","Ontario",,17748,9480,8537
"M5V","M5V","Ontario",,49195,35058,30726
"M5W","M5W","Ontario",,15,11,9
"M5X","M5X","Ontario",,10,5,3
"M6A","M6A","Ontario",,21048,8751,8074
"M6B","M6B","Ontario",,28522,11375,10728
"M6C","M6C","Ontario",,24596,11043,10484
"M6E","M6E","Ontario",,38041,15809,14721
"M6G","M6G","Ontario",,32086,14312,13424
"M6H","M6H","Ontario",,44950,20573,19209
"M6J","M6J","Ontario",,32684,16333,15063
"M6K","M6K","Ontario",,40957,23344,22023
"M6L","M6L","Ontario",,20616,7611,7387
"M6M","M6M","Ontario",,42434,16799,16020
"M6N","M6N","Ontario",,41243,17239,16250
"M6P","M6P","Ontario",,40035,19924,18972
"M6R","M6R","Ontario",,19857,9205,8598
"M6S","M6S","Ontario",,34299,15261,14655
"M7A","M7A","Ontario",,10,6,5
"M7Y","M7Y","Ontario",,10,7,7
"M8V","M8V","Ontario",,37975,22268,19601
"M8W","M8W","Ontario",,20674,9161,8770
"M8X","M8X","Ontario",,10787,4680,4523
"M8Y","M8Y","Ontario",,21299,10485,9782
"M8Z","M8Z","Ontario",,17038,7046,6782
"M9A","M9A","Ontario",,35594,15730,15119
"M9B","M9B","Ontario",,32400,12617,12292
"M9C","M9C","Ontario",,38291,15402,15111
"M9L","M9L","Ontario",,11950,4122,3746
"M9M","M9M","Ontario",,22263,7757,7310
"M9N","M9N","Ontario",,25074,10713,10171
"M9P","M9P","Ontario",,20874,8198,7906
"M9R","M9R","Ontario",,33743,12755,12336
"M9V","M9V","Ontario",,55959,17590,16808
"M9W","M9W","Ontario",,40684,14487,13704
"N0A","N0A","Ontario",,29853,13934,12148
"N0B","N0B","Ontario",,80222,28639,27697
"N0C","N0C","Ontario",,15438,7727,6087
"N0E","N0E","Ontario",,34772,14817,12882
"N0G","N0G","Ontario",,83818,34954,31871
"N0H","N0H","Ontario",,48330,32659,20863
"N0J","N0J","Ontario",,32428,11664,11235
"N0K","N0K","Ontario",,24378,9147,8823
"N0L","N0L","Ontario",,46908,18494,17687
"N0M","N0M","Ontario",,64764,30347,25829
"N0N","N0N","Ontario",,40649,18043,16158
"N0P","N0P","Ontario",,52190,23164,20931
"N0R","N0R","Ontario",,46403,18471,16941
"N1A","N1A","Ontario",,12000,5255,4784
"N1C","N1C","Ontario",,3829,1244,1236
"N1E","N1E","Ontario",,40591,16553,16063
"N1G","N1G","Ontario",,27330,12615,10554
"N1H","N1H","Ontario",,43789,19963,19077
"N1K","N1K","Ontario",,9266,2880,2854
"N1L","N1L","Ontario",,14311,5367,4917
"N1M","N1M","Ontario",,15998,6696,6319
"N1P","N1P","Ontario",,7594,2338,2328
"N1R","N1R","Ontario",,42210,17534,16948
"N1S","N1S","Ontario",,19510,7760,7602
"N1T","N1T","Ontario",,17670,5304,5244
"N2A","N2A","Ontario",,29858,11360,11125
"N2B","N2B","Ontario",,16501,7256,7115
"N2C","N2C","Ontario",,16111,7219,6912
"N2E","N2E","Ontario",,39149,13901,13692
"N2G","N2G","Ontario",,13407,7718,7044
"N2H","N2H","Ontario",,21058,10982,10273
"N2J","N2J","Ontario",,18659,10335,8691
"N2K","N2K","Ontario",,27253,9747,9607
"N2L","N2L","Ontario",,27758,15798,11944
"N2M","N2M","Ontario",,33221,15003,14504
"N2N","N2N","Ontario",,26490,8907,8812
"N2P","N2P","Ontario",,19975,7236,6963
"N2R","N2R","Ontario",,12302,4008,3952
"N2T","N2T","Ontario",,20701,6980,6909
"N2V","N2V","Ontario",,16900,5563,5461
"N2Z","N2Z","Ontario",,10856,6044,4674
"N3A","N3A","Ontario",,16123,5966,5907
"N3B","N3B","Ontario",,12418,4466,4400
"N3C","N3C","Ontario",,26662,9272,9161
"N3E","N3E","Ontario",,279,92,92
"N3H","N3H","Ontario",,21544,9163,8896
"N3L","N3L","Ontario",,14684,5665,5519
"N3P","N3P","Ontario",,8597,3192,3142
"N3R","N3R","Ontario",,34276,14393,14030
"N3S","N3S","Ontario",,25765,11461,10943
"N3T","N3T","Ontario",,34317,13698,13042
"N3V","N3V","Ontario",,1607,551,549
"N3W","N3W","Ontario",,13409,4847,4805
"N3Y","N3Y","Ontario",,22419,9919,9461
"N4B","N4B","Ontario",,7772,3271,3169
"N4G","N4G","Ontario",,19389,8567,8346
"N4K","N4K","Ontario",,28286,13102,12441
"N4L","N4L","Ontario",,8117,4180,3620
"N4N","N4N","Ontario",,9901,4402,4227
"N4S","N4S","Ontario",,32254,14111,13758
"N4T","N4T","Ontario",,10818,4264,4208
"N4V","N4V","Ontario",,2983,1141,1119
"N4W","N4W","Ontario",,11199,4471,4254
"N4X","N4X","Ontario",,9791,4041,3938
"N4Z","N4Z","Ontario",,2432,903,892
"N5A","N5A","Ontario",,31302,14233,13777
"N5C","N5C","Ontario",,14856,5954,5829
"N5H","N5H","Ontario",,15199,5535,5295
"N5L","N5L","Ontario",,2795,1646,1304
"N5P","N5P","Ontario",,19945,8456,8158
"N5R","N5R","Ontario",,27368,11718,11440
"N5V","N5V","Ontario",,30857,13021,12176
"N5W","N5W","Ontario",,23250,11949,11082
"N5X","N5X","Ontario",,32897,12663,12236
"N5Y","N5Y","Ontario",,34037,16251,15225
"N5Z","N5Z","Ontario",,23755,10947,10491
"N6A","N6A","Ontario",,11317,9086,6160
"N6B","N6B","Ontario",,10103,6967,6120
"N6C","N6C","Ontario",,30510,14957,14333
"N6E","N6E","Ontario",,27508,10342,10187
"N6G","N6G","Ontario",,40677,17075,14956
"N6H","N6H","Ontario",,40604,19456,18155
"N6J","N6J","Ontario",,26943,12931,12536
"N6K","N6K","Ontario",,34766,14106,13769
"N6L","N6L","Ontario",,3023,943,915
"N6M","N6M","Ontario",,5747,1920,1905
"N6N","N6N","Ontario",,671,291,272
"N6P","N6P","Ontario",,8796,3316,3249
"N7A","N7A","Ontario",,11720,6224,5237
"N7G","N7G","Ontario",,17880,7160,7017
"N7L","N7L","Ontario",,24724,11268,10891
"N7M","N7M","Ontario",,24479,10992,10396
"N7S","N7S","Ontario",,27879,11385,11117
"N7T","N7T","Ontario",,26347,14051,13122
"N7V","N7V","Ontario",,11877,5737,5588
"N7W","N7W","Ontario",,1935,951,945
"N7X","N7X","Ontario",,1094,465,446
"N8A","N8A","Ontario",,13975,6473,6030
"N8H","N8H","Ontario",,25905,10088,9422
"N8M","N8M","Ontario",,11110,4560,4478
"N8N","N8N","Ontario",,24162,9374,9253
"N8P","N8P","Ontario",,12195,4676,4613
"N8R","N8R","Ontario",,12085,4350,4285
"N8S","N8S","Ontario",,21819,10681,10475
"N8T","N8T","Ontario",,17658,7875,7695
"N8W","N8W","Ontario",,23796,9902,9681
"N8X","N8X","Ontario",,15575,7771,7172
"N8Y","N8Y","Ontario",,18935,9869,9214
"N9A","N9A","Ontario",,25160,14279,12303
"N9B","N9B","Ontario",,17804,8138,7020
"N9C","N9C","Ontario",,11484,6021,5187
"N9E","N9E","Ontario",,20688,7642,7541
"N9G","N9G","Ontario",,19787,6520,6401
"N9H","N9H","Ontario",,10227,3653,3639
"N9J","N9J","Ontario",,19358,6956,6860
"N9K","N9K","Ontario",,2761,796,795
"N9V","N9V","Ontario",,20208,8195,7880
"N9Y","N9Y","Ontario",,14814,6049,5718
"P0A","P0A","Ontario",,16481,15204,7421
"P0B","P0B","Ontario",,9138,9088,3803
"P0C","P0C","Ontario",,3834,6501,1713
"P0E","P0E","Ontario",,3149,3171,1352
"P0G","P0G","Ontario",,3119,4818,1406
"P0H","P0H","Ontario",,31187,16641,12827
"P0J","P0J","Ontario",,20848,10032,8996
"P0K","P0K","Ontario",,11374,6403,5069
"P0L","P0L","Ontario",,24896,11320,9763
"P0M","P0M","Ontario",,49750,25244,20929
"P0N","P0N","Ontario",,9420,4388,3841
"P0P","P0P","Ontario",,19461,12688,8273
"P0R","P0R","Ontario",,12479,8586,5545
"P0S","P0S","Ontario",,9869,6598,4268
"P0T","P0T","Ontario",,33027,18650,13680
"P0V","P0V","Ontario",,21722,9141,6931
"P0W","P0W","Ontario",,6410,3909,2489
"P0X","P0X","Ontario",,8133,6454,3098
"P0Y","P0Y","Ontario",,30,211,18
"P1A","P1A","Ontario",,16586,7608,7124
"P1B","P1B","Ontario",,32345,16493,14725
"P1C","P1C","Ontario",,3395,1167,1149
"P1H","P1H","Ontario",,16271,9340,6823
"P1L","P1L","Ontario",,16548,9258,6954
"P1P","P1P","Ontario",,10393,6743,4186
"P2A","P2A","Ontario",,12990,9449,5680
"P2B","P2B","Ontario",,9747,4548,4324
"P2N","P2N","Ontario",,7188,4095,3475
"P3A","P3A","Ontario",,24053,10613,10101
"P3B","P3B","Ontario",,15548,8121,7324
"P3C","P3C","Ontario",,16249,10022,8490
"P3E","P3E","Ontario",,27210,13659,12308
"P3G","P3G","Ontario",,4001,1709,1532
"P3L","P3L","Ontario",,8036,3238,3108
"P3N","P3N","Ontario",,8125,3163,3069
"P3P","P3P","Ontario",,15468,5867,5661
"P3Y","P3Y","Ontario",,7455,3068,2917
"P4N","P4N","Ontario",,24575,12018,10994
"P4P","P4P","Ontario",,3367,1326,1281
"P4R","P4R","Ontario",,4847,1867,1815
"P5A","P5A","Ontario",,10741,6259,5514
"P5E","P5E","Ontario",,5229,2477,2292
"P5N","P5N","Ontario",,8467,4159,3870
"P6A","P6A","Ontario",,34720,16407,15112
"P6B","P6B","Ontario",,22847,10948,10488
"P6C","P6C","Ontario",,19322,8842,8453
"P7A","P7A","Ontario",,28418,14372,12949
"P7B","P7B","Ontario",,21917,11123,9944
"P7C","P7C","Ontario",,21880,10008,9403
"P7E","P7E","Ontario",,20997,10333,9700
"P7G","P7G","Ontario",,12432,5305,4619
"P7J","P7J","Ontario",,5130,1882,1803
"P7K","P7K","Ontario",,6521,2552,2520
"P7L","P7L","Ontario",,1942,1079,797
"P8N","P8N","Ontario",,10048,4481,4293
"P8T","P8T","Ontario",,5002,2103,1902
"P9A","P9A","Ontario",,10651,5602,4495
"P9N","P9N","Ontario",,14009,6854,5902
"R0A","R0A","Manitoba",,46213,17934,15208
"R0B","R0B","Manitoba",,48048,13648,11378
"R0C","R0C","Manitoba",,52620,27256,19948
"R0E","R0E","Manitoba",,46836,28967,18344
"R0G","R0G","Manitoba",,44069,16537,15573
"R0H","R0H","Manitoba",,16938,5481,4948
"R0J","R0J","Manitoba",,27342,14437,10970
"R0K","R0K","Manitoba",,27772,12167,10594
"R0L","R0L","Manitoba",,26815,13391,11061
"R0M","R0M","Manitoba",,19864,9426,8064
"R1A","R1A","Manitoba",,21390,8393,8164
"R1B","R1B","Manitoba",,252,143,140
"R1C","R1C","Manitoba",,3714,1407,1393
"R1N","R1N","Manitoba",,16788,7104,6767
"R2C","R2C","Manitoba",,33556,12841,12648
"R2E","R2E","Manitoba",,9256,3266,3224
"R2G","R2G","Manitoba",,33030,15189,14625
"R2H","R2H","Manitoba",,15914,8016,7619
"R2J","R2J","Manitoba",,26499,10733,10472
"R2K","R2K","Manitoba",,33413,13523,13228
"R2L","R2L","Manitoba",,14818,6606,6271
"R2M","R2M","Manitoba",,38195,17067,16581
"R2N","R2N","Manitoba",,30306,11498,11282
"R2P","R2P","Manitoba",,32557,9985,9828
"R2R","R2R","Manitoba",,21377,6715,6353
"R2V","R2V","Manitoba",,35235,14043,13630
"R2W","R2W","Manitoba",,28874,12415,10861
"R2X","R2X","Manitoba",,19149,6959,6591
"R2Y","R2Y","Manitoba",,19887,8543,8410
"R3A","R3A","Manitoba",,4711,2166,1640
"R3B","R3B","Manitoba",,12963,6851,5835
"R3C","R3C","Manitoba",,14364,9756,8605
"R3E","R3E","Manitoba",,19703,7517,6958
"R3G","R3G","Manitoba",,25490,11051,10418
"R3H","R3H","Manitoba",,106,49,38
"R3J","R3J","Manitoba",,27636,12835,12379
"R3K","R3K","Manitoba",,12444,5389,5281
"R3L","R3L","Manitoba",,20078,11516,10955
"R3M","R3M","Manitoba",,22582,10806,10358
"R3N","R3N","Manitoba",,16847,7541,7328
"R3P","R3P","Manitoba",,19605,7434,7194
"R3R","R3R","Manitoba",,24684,9923,9814
"R3S","R3S","Manitoba",,538,180,176
"R3T","R3T","Manitoba",,48009,19623,18638
"R3V","R3V","Manitoba",,6400,2474,2405
"R3W","R3W","Manitoba",,9845,3281,3220
"R3X","R3X","Manitoba",,17962,5956,5854
"R3Y","R3Y","Manitoba",,21896,7108,6840
"R4A","R4A","Manitoba",,4520,1497,1487
"R4G","R4G","Manitoba",,1174,371,367
"R4H","R4H","Manitoba",,2611,748,727
"R4J","R4J","Manitoba",,953,341,334
"R4K","R4K","Manitoba",,883,212,204
"R4L","R4L","Manitoba",,1219,438,422
"R5A","R5A","Manitoba",,3408,1227,1207
"R5G","R5G","Manitoba",,21738,7984,7673
"R5H","R5H","Manitoba",,5839,2192,2150
"R6M","R6M","Manitoba",,10229,4114,3957
"R6W","R6W","Manitoba",,20229,6430,6316
"R7A","R7A","Manitoba",,29405,12840,12000
"R7B","R7B","Manitoba",,20977,8850,8505
"R7C","R7C","Manitoba",,2448,1324,1229
"R7N","R7N","Manitoba",,10321,4811,4407
"R8A","R8A","Manitoba",,5300,2788,2397
"R8N","R8N","Manitoba",,13848,5549,4977
"R9A","R9A","Manitoba",,6673,2886,2580
"S0A","S0A","Saskatchewan",,52641,27875,22724
"S0C","S0C","Saskatchewan",,23395,11902,9439
"S0E","S0E","Saskatchewan",,32755,15953,13433
"S0G","S0G","Saskatchewan",,63488,32196,25622
"S0H","S0H","Saskatchewan",,22746,11569,9473
"S0J","S0J","Saskatchewan",,49995,24869,16778
"S0K","S0K","Saskatchewan",,89853,36787,33015
"S0L","S0L","Saskatchewan",,30870,14629,12447
"S0M","S0M","Saskatchewan",,48321,22858,16620
"S0N","S0N","Saskatchewan",,21447,10149,8206
"S0P","S0P","Saskatchewan",,7249,2259,1904
"S2V","S2V","Saskatchewan",,865,555,344
"S3N","S3N","Saskatchewan",,18658,8412,7863
"S4A","S4A","Saskatchewan",,12481,5719,5038
"S4H","S4H","Saskatchewan",,11193,5254,4705
"S4L","S4L","Saskatchewan",,5646,1887,1838
"S4M","S4M","Saskatchewan",,153,77,74
"S4N","S4N","Saskatchewan",,31167,12834,12260
"S4P","S4P","Saskatchewan",,13423,8089,7176
"S4R","S4R","Saskatchewan",,35561,14862,14273
"S4S","S4S","Saskatchewan",,34958,15107,14501
"S4T","S4T","Saskatchewan",,31932,15149,13693
"S4V","S4V","Saskatchewan",,28386,11211,10530
"S4W","S4W","Saskatchewan",,8283,3706,3156
"S4X","S4X","Saskatchewan",,27895,10875,10491
"S4Y","S4Y","Saskatchewan",,4537,1500,1486
"S4Z","S4Z","Saskatchewan",,1200,634,582
"S6H","S6H","Saskatchewan",,27471,13150,12034
"S6J","S6J","Saskatchewan",,5317,2350,2161
"S6K","S6K","Saskatchewan",,1415,493,475
"S6V","S6V","Saskatchewan",,41092,17098,15496
"S6W","S6W","Saskatchewan",,141,90,70
"S6X","S6X","Saskatchewan",,2141,713,697
"S7H","S7H","Saskatchewan",,35686,17129,15780
"S7J","S7J","Saskatchewan",,31223,13279,12694
"S7K","S7K","Saskatchewan",,39174,18180,16844
"S7L","S7L","Saskatchewan",,39478,15728,14670
"S7M","S7M","Saskatchewan",,31112,13868,12256
"S7N","S7N","Saskatchewan",,27214,12361,11311
"S7P","S7P","Saskatchewan",,158,51,49
"S7R","S7R","Saskatchewan",,8056,2663,2589
"S7S","S7S","Saskatchewan",,5906,2325,2164
"S7T","S7T","Saskatchewan",,13202,5387,4797
"S7V","S7V","Saskatchewan",,10780,4293,4009
"S7W","S7W","Saskatchewan",,13625,5268,4652
"S9A","S9A","Saskatchewan",,15547,6916,6317
"S9H","S9H","Saskatchewan",,18070,8241,7712
"S9V","S9V","Saskatchewan",,14694,6082,5420
"S9X","S9X","Saskatchewan",,7798,3005,2759
"T0A","T0A","Alberta",,59234,27713,21711
"T0B","T0B","Alberta",,64072,28009,24427
"T0C","T0C","Alberta",,62701,28739,23081
"T0E","T0E","Alberta",,43729,22179,16779
"T0G","T0G","Alberta",,42905,18519,15103
"T0H","T0H","Alberta",,84336,33105,28826
"T0J","T0J","Alberta",,50783,19938,17953
"T0K","T0K","Alberta",,55487,20521,17681
"T0L","T0L","Alberta",,61161,23366,21063
"T0M","T0M","Alberta",,67484,29041,25889
"T0P","T0P","Alberta",,3631,1627,1241
"T0V","T0V","Alberta",,19,19,7
"T1A","T1A","Alberta",,25409,12276,11501
"T1B","T1B","Alberta",,32769,13312,12851
"T1C","T1C","Alberta",,9391,3970,3817
"T1G","T1G","Alberta",,10339,3956,3721
"T1H","T1H","Alberta",,27385,11443,11050
"T1J","T1J","Alberta",,22960,10245,9438
"T1K","T1K","Alberta",,45932,19288,18129
"T1L","T1L","Alberta",,7442,2581,2398
"T1M","T1M","Alberta",,9379,3423,3358
"T1P","T1P","Alberta",,16843,6537,6235
"T1R","T1R","Alberta",,17011,6373,5965
"T1S","T1S","Alberta",,32951,11317,11075
"T1V","T1V","Alberta",,15593,6424,6082
"T1W","T1W","Alberta",,14755,8416,6047
"T1X","T1X","Alberta",,22496,7192,7017
"T1Y","T1Y","Alberta",,57237,19139,18220
"T1Z","T1Z","Alberta",,639,150,127
"T2A","T2A","Alberta",,59641,22652,21108
"T2B","T2B","Alberta",,23418,9953,9313
"T2C","T2C","Alberta",,20406,8332,8011
"T2E","T2E","Alberta",,34729,17958,16619
"T2G","T2G","Alberta",,14370,8593,7457
"T2H","T2H","Alberta",,9372,4395,4157
"T2J","T2J","Alberta",,46394,18714,18285
"T2K","T2K","Alberta",,35544,15376,14728
"T2L","T2L","Alberta",,14214,6539,6146
"T2M","T2M","Alberta",,21086,9925,9074
"T2N","T2N","Alberta",,26342,12601,11561
"T2P","T2P","Alberta",,13056,8723,7215
"T2R","T2R","Alberta",,13879,10715,8981
"T2S","T2S","Alberta",,14637,8485,7727
"T2T","T2T","Alberta",,29706,15860,14501
"T2V","T2V","Alberta",,33450,15417,14642
"T2W","T2W","Alberta",,42377,17227,16703
"T2X","T2X","Alberta",,43339,15029,14543
"T2Y","T2Y","Alberta",,61344,21111,20886
"T2Z","T2Z","Alberta",,68438,24669,24417
"T3A","T3A","Alberta",,53224,19393,18949
"T3B","T3B","Alberta",,37348,15638,15164
"T3C","T3C","Alberta",,23519,12429,11111
"T3E","T3E","Alberta",,41415,18806,17855
"T3G","T3G","Alberta",,59025,21018,20685
"T3H","T3H","Alberta",,71251,25098,24777
"T3J","T3J","Alberta",,77605,20910,20223
"T3K","T3K","Alberta",,80792,27353,27044
"T3L","T3L","Alberta",,30168,10093,10014
"T3M","T3M","Alberta",,40268,14202,13682
"T3N","T3N","Alberta",,12483,4042,3835
"T3P","T3P","Alberta",,15578,5038,4859
"T3R","T3R","Alberta",,23866,8045,7657
"T3S","T3S","Alberta",,303,125,116
"T3Z","T3Z","Alberta",,11209,3736,3634
"T4A","T4A","Alberta",,16054,5878,5718
"T4B","T4B","Alberta",,48548,17592,16974
"T4C","T4C","Alberta",,30566,12051,11414
"T4E","T4E","Alberta",,2252,911,831
"T4G","T4G","Alberta",,12696,5494,4676
"T4H","T4H","Alberta",,12316,5212,4869
"T4J","T4J","Alberta",,11373,4761,4445
"T4L","T4L","Alberta",,17128,6947,6309
"T4M","T4M","Alberta",,4742,1736,1606
"T4N","T4N","Alberta",,33829,16755,15311
"T4P","T4P","Alberta",,32478,12802,12315
"T4R","T4R","Alberta",,36570,13663,13260
"T4S","T4S","Alberta",,20374,9155,7747
"T4T","T4T","Alberta",,13389,5433,5029
"T4V","T4V","Alberta",,20843,9243,8769
"T4X","T4X","Alberta",,20715,7279,6765
"T5A","T5A","Alberta",,35049,14221,13484
"T5B","T5B","Alberta",,15746,8036,7063
"T5C","T5C","Alberta",,16192,6526,6135
"T5E","T5E","Alberta",,32242,12636,11930
"T5G","T5G","Alberta",,12793,6573,5669
"T5H","T5H","Alberta",,26290,15596,13111
"T5J","T5J","Alberta",,5281,3930,3204
"T5K","T5K","Alberta",,22814,15770,14230
"T5L","T5L","Alberta",,17124,6841,6461
"T5M","T5M","Alberta",,15261,7342,6658
"T5N","T5N","Alberta",,14579,7670,6912
"T5P","T5P","Alberta",,21557,10130,9251
"T5R","T5R","Alberta",,25867,10211,9848
"T5S","T5S","Alberta",,4843,2086,1964
"T5T","T5T","Alberta",,69914,27047,25910
"T5V","T5V","Alberta",,146,52,49
"T5W","T5W","Alberta",,20652,8971,8414
"T5X","T5X","Alberta",,41912,15073,14662
"T5Y","T5Y","Alberta",,45947,17081,16083
"T5Z","T5Z","Alberta",,30715,10503,9920
"T6A","T6A","Alberta",,14767,6759,6241
"T6B","T6B","Alberta",,9503,4257,4011
"T6C","T6C","Alberta",,20587,10001,9287
"T6E","T6E","Alberta",,22674,13932,12143
"T6G","T6G","Alberta",,12634,6636,5377
"T6H","T6H","Alberta",,30171,13127,12287
"T6J","T6J","Alberta",,47109,19266,18391
"T6K","T6K","Alberta",,29838,10669,10349
"T6L","T6L","Alberta",,51562,18415,17779
"T6M","T6M","Alberta",,28187,10006,9445
"T6N","T6N","Alberta",,25,1,1
"T6P","T6P","Alberta",,1798,884,846
"T6R","T6R","Alberta",,45145,16082,15436
"T6S","T6S","Alberta",,96,54,40
"T6T","T6T","Alberta",,37150,11270,10919
"T6V","T6V","Alberta",,19927,6895,6621
"T6W","T6W","Alberta",,50904,21001,18977
"T6X","T6X","Alberta",,35649,12428,11747
"T7A","T7A","Alberta",,11756,4872,4440
"T7E","T7E","Alberta",,13989,6079,5426
"T7N","T7N","Alberta",,7795,3256,3119
"T7P","T7P","Alberta",,7536,3182,2950
"T7S","T7S","Alberta",,12691,5171,4645
"T7V","T7V","Alberta",,10575,4652,4197
"T7X","T7X","Alberta",,44071,16767,15968
"T7Y","T7Y","Alberta",,6891,2495,2406
"T7Z","T7Z","Alberta",,26014,10269,9765
"T8A","T8A","Alberta",,43987,16225,16057
"T8B","T8B","Alberta",,6440,2228,2156
"T8C","T8C","Alberta",,4502,1575,1537
"T8E","T8E","Alberta",,8104,2910,2825
"T8G","T8G","Alberta",,4848,1881,1769
"T8H","T8H","Alberta",,28688,10978,10710
"T8L","T8L","Alberta",,26423,10797,10057
"T8N","T8N","Alberta",,65527,24439,23947
"T8R","T8R","Alberta",,15088,5488,5233
"T8S","T8S","Alberta",,8007,3377,3007
"T8T","T8T","Alberta",,7037,2500,2335
"T8V","T8V","Alberta",,31893,14508,12865
"T8W","T8W","Alberta",,21466,7796,7338
"T8X","T8X","Alberta",,19287,7214,6645
"T9A","T9A","Alberta",,15660,6736,6236
"T9C","T9C","Alberta",,6831,3219,2866
"T9E","T9E","Alberta",,31710,13006,11968
"T9G","T9G","Alberta",,7159,2757,2634
"T9H","T9H","Alberta",,26732,12129,10054
"T9J","T9J","Alberta",,3630,1780,1382
"T9K","T9K","Alberta",,39305,15844,13541
"T9M","T9M","Alberta",,18253,7892,6716
"T9N","T9N","Alberta",,9082,3775,3369
"T9S","T9S","Alberta",,6898,3385,2704
"T9V","T9V","Alberta",,20959,8919,7893
"T9W","T9W","Alberta",,8062,3391,3137
"T9X","T9X","Alberta",,5841,2724,2412
"V0A","V0A","British Columbia",,13920,9089,5984
"V0B","V0B","British Columbia",,33080,20312,14583
"V0C","V0C","British Columbia",,28830,13041,10824
"V0E","V0E","British Columbia",,65606,37976,28846
"V0G","V0G","British Columbia",,26047,13969,11841
"V0H","V0H","British Columbia",,53380,29157,23835
"V0J","V0J","British Columbia",,52919,24666,20967
"V0K","V0K","British Columbia",,32908,20106,14878
"V0L","V0L","British Columbia",,4577,2619,1939
"V0M","V0M","British Columbia",,11761,5425,4539
"V0N","V0N","British Columbia",,79501,49181,34321
"V0P","V0P","British Columbia",,6726,4491,3190
"V0R","V0R","British Columbia",,66795,34690,29112
"V0S","V0S","British Columbia",,266,159,105
"V0T","V0T","British Columbia",,8645,4414,3584
"V0V","V0V","British Columbia",,2033,969,703
"V0W","V0W","British Columbia",,557,514,281
"V0X","V0X","British Columbia",,20629,11525,9154
"V1A","V1A","British Columbia",,8414,4702,3758
"V1B","V1B","British Columbia",,21395,9458,8188
"V1C","V1C","British Columbia",,25413,11085,10668
"V1E","V1E","British Columbia",,19344,8538,8132
"V1G","V1G","British Columbia",,15676,7456,6375
"V1H","V1H","British Columbia",,13427,7393,5871
"V1J","V1J","British Columbia",,23782,10884,9291
"V1K","V1K","British Columbia",,9265,4286,3893
"V1L","V1L","British Columbia",,16801,8321,7604
"V1M","V1M","British Columbia",,31176,11553,11212
"V1N","V1N","British Columbia",,12546,5835,5446
"V1P","V1P","British Columbia",,8028,3440,2851
"V1R","V1R","British Columbia",,10021,5112,4727
"V1S","V1S","British Columbia",,11279,4428,4246
"V1T","V1T","British Columbia",,27997,13376,12761
"V1V","V1V","British Columbia",,21155,9347,8659
"V1W","V1W","British Columbia",,34573,14778,13764
"V1X","V1X","British Columbia",,33273,14135,13489
"V1Y","V1Y","British Columbia",,34310,17952,16721
"V1Z","V1Z","British Columbia",,14368,6359,5639
"V2A","V2A","British Columbia",,37469,18518,17269
"V2B","V2B","British Columbia",,39843,17113,16215
"V2C","V2C","British Columbia",,23661,11685,10542
"V2E","V2E","British Columbia",,14672,5802,5569
"V2G","V2G","British Columbia",,17970,8238,7488
"V2H","V2H","British Columbia",,6201,2878,2622
"V2J","V2J","British Columbia",,22667,10445,9812
"V2K","V2K","British Columbia",,20924,8684,8248
"V2L","V2L","British Columbia",,9947,4835,4371
"V2M","V2M","British Columbia",,23318,10727,9964
"V2N","V2N","British Columbia",,32137,12978,12366
"V2P","V2P","British Columbia",,36329,15937,15171
"V2R","V2R","British Columbia",,48608,19769,18613
"V2S","V2S","British Columbia",,48647,19973,19088
"V2T","V2T","British Columbia",,56111,19304,18133
"V2V","V2V","British Columbia",,33534,12865,11915
"V2W","V2W","British Columbia",,19022,6383,6114
"V2X","V2X","British Columbia",,47944,19786,19141
"V2Y","V2Y","British Columbia",,35222,12739,12205
"V2Z","V2Z","British Columbia",,15520,6052,5791
"V3A","V3A","British Columbia",,42397,18582,17945
"V3B","V3B","British Columbia",,56524,23040,21861
"V3C","V3C","British Columbia",,38818,14989,14419
"V3E","V3E","British Columbia",,39365,13281,12758
"V3G","V3G","British Columbia",,24150,8477,8054
"V3H","V3H","British Columbia",,37222,14627,14207
"V3J","V3J","British Columbia",,40921,17225,16124
"V3K","V3K","British Columbia",,30495,12353,11690
"V3L","V3L","British Columbia",,27724,13215,12659
"V3M","V3M","British Columbia",,43423,21074,20102
"V3N","V3N","British Columbia",,39354,15148,14496
"V3R","V3R","British Columbia",,57844,21060,20061
"V3S","V3S","British Columbia",,95349,31890,29782
"V3T","V3T","British Columbia",,38549,16854,15416
"V3V","V3V","British Columbia",,48927,15176,14108
"V3W","V3W","British Columbia",,92447,28851,27186
"V3X","V3X","British Columbia",,28510,8976,8248
"V3Y","V3Y","British Columbia",,18861,7445,7267
"V3Z","V3Z","British Columbia",,29265,11493,10499
"V4A","V4A","British Columbia",,36390,15450,14854
"V4B","V4B","British Columbia",,19952,10856,10005
"V4C","V4C","British Columbia",,44169,14979,13861
"V4E","V4E","British Columbia",,11839,3941,3799
"V4G","V4G","British Columbia",,86,41,36
"V4K","V4K","British Columbia",,24414,9566,9346
"V4L","V4L","British Columbia",,7893,3532,3424
"V4M","V4M","British Columbia",,14512,5849,5566
"V4N","V4N","British Columbia",,78675,26534,25159
"V4P","V4P","British Columbia",,12224,5006,4766
"V4R","V4R","British Columbia",,15285,5232,5007
"V4S","V4S","British Columbia",,7326,2556,2453
"V4T","V4T","British Columbia",,27996,12021,11332
"V4V","V4V","British Columbia",,14614,7235,5953
"V4W","V4W","British Columbia",,19443,7378,6994
"V4X","V4X","British Columbia",,12774,4112,3856
"V4Z","V4Z","British Columbia",,4851,1900,1599
"V5A","V5A","British Columbia",,23960,9741,9177
"V5B","V5B","British Columbia",,22454,8842,8371
"V5C","V5C","British Columbia",,30408,13518,12828
"V5E","V5E","British Columbia",,26272,10944,10393
"V5G","V5G","British Columbia",,19862,7476,7040
"V5H","V5H","British Columbia",,38845,19530,17889
"V5J","V5J","British Columbia",,21918,8388,7721
"V5K","V5K","British Columbia",,23016,9129,8504
"V5L","V5L","British Columbia",,19720,10810,10272
"V5M","V5M","British Columbia",,23053,8909,8241
"V5N","V5N","British Columbia",,35045,15331,14351
"V5P","V5P","British Columbia",,31920,11594,10466
"V5R","V5R","British Columbia",,46565,19034,16927
"V5S","V5S","British Columbia",,28773,11155,10450
"V5T","V5T","British Columbia",,23911,13710,12924
"V5V","V5V","British Columbia",,24560,10065,9253
"V5W","V5W","British Columbia",,19706,7935,7111
"V5X","V5X","British Columbia",,28820,10751,9340
"V5Y","V5Y","British Columbia",,17201,8757,7915
"V5Z","V5Z","British Columbia",,22547,11399,10768
"V6A","V6A","British Columbia",,18719,10551,9286
"V6B","V6B","British Columbia",,29376,19099,16962
"V6C","V6C","British Columbia",,2554,1853,1355
"V6E","V6E","British Columbia",,26907,18399,16826
"V6G","V6G","British Columbia",,27198,18893,17691
"V6H","V6H","British Columbia",,17848,10467,10075
"V6J","V6J","British Columbia",,22188,13162,12426
"V6K","V6K","British Columbia",,26424,14875,13812
"V6L","V6L","British Columbia",,10479,4082,3716
"V6M","V6M","British Columbia",,16348,7443,6905
"V6N","V6N","British Columbia",,14057,5302,4794
"V6P","V6P","British Columbia",,30697,13465,12718
"V6R","V6R","British Columbia",,19416,9124,8303
"V6S","V6S","British Columbia",,12152,5384,4599
"V6T","V6T","British Columbia",,12722,6489,4648
"V6V","V6V","British Columbia",,11177,3540,3467
"V6W","V6W","British Columbia",,1628,773,684
"V6X","V6X","British Columbia",,33695,14352,13000
"V6Y","V6Y","British Columbia",,47768,20586,19618
"V6Z","V6Z","British Columbia",,17832,11392,10125
"V7A","V7A","British Columbia",,26618,9316,8892
"V7B","V7B","British Columbia",,814,302,298
"V7C","V7C","British Columbia",,39252,14742,13958
"V7E","V7E","British Columbia",,37357,13867,13540
"V7G","V7G","British Columbia",,11673,4605,4408
"V7H","V7H","British Columbia",,13232,4839,4749
"V7J","V7J","British Columbia",,16743,6570,6270
"V7K","V7K","British Columbia",,12391,4326,4177
"V7L","V7L","British Columbia",,26608,13130,12140
"V7M","V7M","British Columbia",,20181,10907,10205
"V7N","V7N","British Columbia",,14883,5844,5441
"V7P","V7P","British Columbia",,13034,5719,5454
"V7R","V7R","British Columbia",,14770,5275,4980
"V7S","V7S","British Columbia",,10521,4350,3721
"V7T","V7T","British Columbia",,9274,4185,3847
"V7V","V7V","British Columbia",,14952,7179,6541
"V7W","V7W","British Columbia",,8611,3582,3222
"V7X","V7X","British Columbia",,0,1,1
"V7Y","V7Y","British Columbia",,5,1,1
"V8A","V8A","British Columbia",,18135,9122,8355
"V8B","V8B","British Columbia",,11772,4709,4489
"V8C","V8C","British Columbia",,8131,4244,3500
"V8G","V8G","British Columbia",,19144,8350,7675
"V8J","V8J","British Columbia",,12275,5746,4959
"V8K","V8K","British Columbia",,10561,5890,4845
"V8L","V8L","British Columbia",,23422,11227,10389
"V8M","V8M","British Columbia",,16168,6940,6695
"V8N","V8N","British Columbia",,25065,10410,9509
"V8P","V8P","British Columbia",,18167,8262,7695
"V8R","V8R","British Columbia",,23572,11244,10771
"V8S","V8S","British Columbia",,17102,8498,8027
"V8T","V8T","British Columbia",,20136,10141,9643
"V8V","V8V","British Columbia",,25892,16525,15380
"V8W","V8W","British Columbia",,5201,4105,3268
"V8X","V8X","British Columbia",,23811,10779,10323
"V8Y","V8Y","British Columbia",,9830,4189,3998
"V8Z","V8Z","British Columbia",,31079,12569,12095
"V9A","V9A","British Columbia",,38699,20174,19320
"V9B","V9B","British Columbia",,44244,18576,17747
"V9C","V9C","British Columbia",,22785,9135,8697
"V9E","V9E","British Columbia",,5155,2141,2035
"V9G","V9G","British Columbia",,14772,6599,6329
"V9H","V9H","British Columbia",,9304,3971,3758
"V9J","V9J","British Columbia",,8715,3810,3566
"V9K","V9K","British Columbia",,15654,8095,7249
"V9L","V9L","British Columbia",,34378,14974,14272
"V9M","V9M","British Columbia",,17208,7923,7639
"V9N","V9N","British Columbia",,30080,13970,13586
"V9P","V9P","British Columbia",,25359,12691,11946
"V9R","V9R","British Columbia",,28376,13330,12610
"V9S","V9S","British Columbia",,16641,8466,7996
"V9T","V9T","British Columbia",,33103,14084,13690
"V9V","V9V","British Columbia",,10934,4483,4347
"V9W","V9W","British Columbia",,28743,13319,12714
"V9X","V9X","British Columbia",,10300,4133,3992
"V9Y","V9Y","British Columbia",,25269,12381,11417
"V9Z","V9Z","British Columbia",,17456,7827,7137
"X0A","X0A","Nunavut/Northwest Territories",,18958,6541,5510
"X0B","X0B","Nunavut/Northwest Territories",,6543,1869,1663
"X0C","X0C","Nunavut/Northwest Territories",,10443,3023,2646
"X0E","X0E","Nunavut/Northwest Territories",,21232,9363,7499
"X0G","X0G","Nunavut/Northwest Territories",,500,210,164
"X1A","X1A","Nunavut/Northwest Territories",,20054,8093,7318
"Y0A","Y0A","Yukon",,1641,1002,742
"Y0B","Y0B","Yukon",,6561,4870,3122
"Y1A","Y1A","Yukon",,27672,12115,11351

Note:
"Incompletely enumerated Indian reserves and Indian settlements, 2016","T = excludes census data for one or more incompletely enumerated Indian reserves or Indian settlements."
"For further information, refer to: http://www12.statcan.gc.ca/census-recensement/2016/dp-pd/hlt-fst/pd-pl/About.cfm."

"Source: Statistics Canada, 2016 Census of Population."
"How to cite: Statistics Canada. 2017. Population and Dwelling Count Highlight Tables. 2016 Census."
"Statistics Canada Catalogue no. 98-402-X2016001. Ottawa. Released February 8, 2017."

